City,Lat,Lng,Max_Temp,Humidity,Cloudiness,Wind_Speed,Country,Date
punta arenas,-53.15,-70.9167,48.2,61,75,21.85,CL,1611777800
hamilton,39.1834,-84.5333,34.0,69,90,8.05,US,1611777951
sistranda,63.7256,8.834,32.0,100,75,17.27,NO,1611777669
doha,25.2867,51.5333,64.4,63,0,1.14,QA,1611777666
carnarvon,-24.8667,113.6333,71.6,88,0,18.41,AU,1611777774
yaan,7.3833,8.5667,82.83,15,0,1.83,NG,1611777952
morgan city,29.6994,-91.2068,69.8,60,1,16.11,US,1611777952
sao filipe,14.8961,-24.4956,75.74,67,0,4.07,CV,1611777952
kodiak,57.79,-152.4072,32.0,80,90,3.51,US,1611777952
lebu,-37.6167,-73.65,61.23,68,100,10.96,CL,1611777952
upernavik,72.7868,-56.1549,-1.89,91,100,1.72,GL,1611777953
khatanga,71.9667,102.5,-29.58,80,0,7.34,RU,1611777953
kupino,54.3663,77.2981,22.03,98,94,9.06,RU,1611777953
santa fe,-31.6333,-60.7,97.0,33,15,4.0,AR,1611777953
arawa,-6.2132,155.5367,78.66,83,100,3.74,PG,1611777954
rikitea,-23.1203,-134.9692,79.79,75,78,14.29,PF,1611777954
mataura,-46.1927,168.8643,50.0,86,93,17.0,NZ,1611777725
faanui,-16.4833,-151.75,81.28,72,95,15.35,PF,1611777955
talnakh,69.4865,88.3972,-23.24,84,100,4.45,RU,1611777690
saint george,37.1041,-113.5841,41.0,52,90,16.11,US,1611777955
brainerd,46.358,-94.2008,7.0,51,90,3.11,US,1611777955
zambezi,-13.5432,23.1047,64.81,94,91,4.74,ZM,1611777956
bluff,-46.6,168.3333,50.0,86,100,17.0,NZ,1611777956
atuona,-9.8,-139.0333,78.44,78,1,15.03,PF,1611777956
mahebourg,-20.4081,57.7,75.2,83,20,4.61,MU,1611777956
jamestown,42.097,-79.2353,25.0,79,90,6.22,US,1611777956
san quintin,30.4833,-115.95,58.33,45,75,6.58,MX,1611777957
cape town,-33.9258,18.4232,66.99,68,0,17.27,ZA,1611777781
awjilah,29.1081,21.2869,51.01,57,0,9.28,LY,1611777957
eureka,40.8021,-124.1637,46.99,84,100,7.0,US,1611777957
ushuaia,-54.8,-68.3,42.8,81,75,26.46,AR,1611777895
pisco,-13.7,-76.2167,77.0,61,0,11.5,PE,1611777864
micheweni,-4.9667,39.8333,79.9,81,1,12.73,TZ,1611777958
antigonish,45.6169,-61.9986,32.0,76,84,4.0,CA,1611777958
ust-kuyga,70.0167,135.6,-41.89,79,93,1.1,RU,1611777958
peraiyur,9.7358,77.7896,75.2,73,36,2.3,IN,1611777958
genhe,50.7833,121.5167,-27.72,82,98,2.82,CN,1611777959
samana,19.2056,-69.3369,82.4,69,20,11.5,DO,1611777883
castro,-24.7911,-50.0119,72.27,88,100,7.74,BR,1611777959
kismayo,-0.3582,42.5454,77.59,80,44,15.43,SO,1611777959
hashtgerd,35.9642,50.6858,42.8,36,0,11.5,IR,1611777959
albany,42.6001,-73.9662,30.0,62,78,11.01,US,1611777960
guerrero negro,27.9769,-114.0611,62.73,39,100,6.8,MX,1611777960
leningradskiy,69.3833,178.4167,-17.59,87,100,3.42,RU,1611777960
busselton,-33.65,115.3333,48.99,89,0,9.71,AU,1611777960
kawalu,-7.3817,108.2082,72.1,86,100,1.5,ID,1611777961
vila velha,-20.3297,-40.2925,89.01,69,40,20.71,BR,1611777862
victoria,22.2855,114.1577,63.0,85,0,1.01,HK,1611777955
belmonte,-15.8631,-38.8828,80.6,65,20,8.05,BR,1611777961
kapaa,22.0752,-159.319,77.0,83,90,18.41,US,1611777961
ribeira grande,38.5167,-28.7,60.8,82,75,27.63,PT,1611777962
thompson,55.7435,-97.8558,-13.0,84,40,3.44,CA,1611777962
okha,53.5739,142.9478,11.19,96,100,15.75,RU,1611777963
kathmandu,27.7167,85.3167,42.8,87,20,2.3,NP,1611777802
hermanus,-34.4187,19.2345,62.01,82,34,6.76,ZA,1611777963
chuy,-33.6971,-53.4616,79.45,69,4,11.95,UY,1611777963
tiksi,71.6872,128.8694,-38.18,82,99,3.36,RU,1611777963
butaritari,3.0707,172.7902,80.56,79,100,11.14,KI,1611777964
nicoya,10.1483,-85.452,87.8,45,20,25.32,CR,1611777964
kremenchuk,49.0973,33.4197,34.12,99,100,7.07,UA,1611777964
longyearbyen,78.2186,15.6401,8.6,61,20,17.27,SJ,1611777964
lavrentiya,65.5833,-171.0,-2.38,88,97,13.96,RU,1611777964
puerto ayora,-0.7393,-90.3518,86.0,62,40,16.11,EC,1611777964
barrow,71.2906,-156.7887,-11.2,70,75,6.91,US,1611777965
filimonovo,56.2011,95.4611,8.33,92,100,10.02,RU,1611777965
santiago del estero,-27.7951,-64.2615,94.23,29,66,10.36,AR,1611777965
whitehorse,60.7161,-135.0538,-14.01,76,1,5.75,CA,1611777676
new norfolk,-42.7826,147.0587,55.0,59,99,0.29,AU,1611777965
saint-philippe,-21.3585,55.7679,78.8,69,0,4.61,RE,1611777966
kaitangata,-46.2817,169.8464,53.01,69,58,21.0,NZ,1611777966
ponta do sol,32.6667,-17.1,62.6,88,40,8.05,PT,1611777966
luderitz,-26.6481,15.1594,68.0,60,0,29.71,NA,1611777966
sampit,-2.5333,112.95,72.99,97,100,4.09,ID,1611777966
grimshaw,56.1834,-117.6027,-2.2,71,90,14.97,CA,1611777967
vaini,-21.2,-175.2,73.4,100,90,10.36,TO,1611777967
huercal-overa,37.389,-1.9454,61.0,71,100,1.99,ES,1611777967
provideniya,64.3833,-173.3,-0.08,89,99,24.34,RU,1611777967
hearst,49.6835,-83.6665,-0.4,71,100,5.75,CA,1611777968
nikolskoye,59.7035,30.7861,33.8,93,75,4.47,RU,1611777968
guaratinga,-16.5667,-39.5667,80.6,65,20,8.05,BR,1611777968
qaanaaq,77.484,-69.3632,-15.68,64,0,8.05,GL,1611777968
severo-kurilsk,50.6789,156.125,26.38,94,100,11.25,RU,1611777968
lorengau,-2.0226,147.2712,82.0,80,100,8.12,PG,1611777969
hithadhoo,-0.6,73.0833,81.0,79,95,14.36,MV,1611777969
menongue,-14.6585,17.691,64.71,91,100,2.93,AO,1611777969
norman wells,65.282,-126.8329,-29.2,68,75,2.3,CA,1611777969
urumqi,43.801,87.6005,3.2,85,75,4.47,CN,1611777969
hilo,19.7297,-155.09,71.6,88,90,9.22,US,1611777970
hobart,-42.8794,147.3294,55.0,54,75,5.75,AU,1611777970
tuktoyaktuk,69.4541,-133.0374,-20.2,76,40,6.91,CA,1611777970
arraial do cabo,-22.9661,-42.0278,87.8,65,0,26.46,BR,1611777970
clyde river,70.4692,-68.5914,-9.4,70,40,2.3,CA,1611777970
vila franca do campo,37.7167,-25.4333,64.0,94,40,19.57,PT,1611777971
flinders,-34.5833,150.8552,68.0,79,100,1.99,AU,1611777971
miri,4.4148,114.0089,75.2,100,40,1.14,MY,1611777787
luebo,-5.35,21.4167,71.02,96,100,2.75,CD,1611777971
superior,46.7208,-92.1041,10.99,48,1,5.75,US,1611777972
gisborne,-38.6533,178.0042,73.24,65,9,7.4,NZ,1611777972
camargo,27.6667,-105.1667,54.81,36,78,5.1,MX,1611777972
novikovo,51.1537,37.8879,36.18,92,100,10.89,RU,1611777972
cayenne,4.9333,-52.3333,82.4,69,90,8.05,GF,1611777972
bethel,41.3712,-73.414,33.8,69,90,9.22,US,1611777973
faya,18.3851,42.4509,59.0,35,0,6.91,SA,1611777973
kununurra,-15.7667,128.7333,77.0,100,90,6.91,AU,1611777973
kwinana,-32.25,115.7667,62.01,55,0,14.97,AU,1611777973
sabha,27.0377,14.4283,49.51,46,0,5.84,LY,1611777973
katsuura,35.1333,140.3,44.6,65,75,9.22,JP,1611777974
mar del plata,-38.0023,-57.5575,71.6,49,0,12.66,AR,1611777764
nishihara,26.1842,127.7558,62.6,67,40,14.97,JP,1611777974
san vicente,-26.6167,-54.1333,70.68,91,100,6.06,AR,1611777974
nanortalik,60.1432,-45.2371,24.93,90,100,0.67,GL,1611777974
port macquarie,-31.4333,152.9167,71.6,100,90,1.14,AU,1611777891
kasongo,-4.45,26.6667,70.39,94,93,1.68,CD,1611777975
bredasdorp,-34.5322,20.0403,60.8,63,99,3.44,ZA,1611777975
solnechnyy,50.7214,136.6319,-11.33,86,100,2.04,RU,1611777975
djambala,-2.5447,14.7533,68.16,89,98,3.06,CG,1611777976
mehamn,71.0357,27.8492,24.8,68,75,16.11,NO,1611777976
portland,45.5234,-122.6762,43.0,81,75,3.4,US,1611777318
houma,29.5958,-90.7195,69.8,68,40,12.66,US,1611777753
chake chake,-5.2459,39.7666,78.6,83,5,9.48,TZ,1611777976
nangal,31.3667,76.3833,48.6,52,0,3.27,IN,1611777977
ponta delgada,37.7333,-25.6667,64.0,94,40,19.57,PT,1611777977
bubaque,11.2833,-15.8333,78.3,67,0,16.22,GW,1611777977
tuatapere,-46.1333,167.6833,50.0,86,100,17.0,NZ,1611777977
olean,42.0776,-78.4297,26.6,93,90,6.91,US,1611777750
bambous virieux,-20.3428,57.7575,78.01,83,20,4.61,MU,1611777978
hambantota,6.1241,81.1185,74.61,78,65,14.09,LK,1611777978
acajutla,13.5928,-89.8275,87.8,42,0,2.3,SV,1611777978
nouna,12.7333,-3.8667,77.97,14,0,9.95,BF,1611777978
agadez,19.75,10.25,66.33,24,0,10.38,NE,1611777979
pitsunda,43.1592,40.3378,66.2,22,100,17.9,GE,1611777979
fenoarivo,-18.933,47.4354,68.0,88,75,4.61,MG,1611777979
dingle,10.9995,122.6711,74.89,90,100,7.76,PH,1611777980
riyadh,24.6877,46.7219,68.0,28,0,5.75,SA,1611777800
seoul,37.5683,126.9778,30.2,80,0,2.3,KR,1611777893
xichang,27.8964,102.2634,37.02,77,12,3.04,CN,1611777980
zhigansk,66.7697,123.3711,-47.81,76,56,7.02,RU,1611777980
charters towers,-20.1,146.2667,70.47,96,79,6.49,AU,1611777981
bengkulu,-3.8004,102.2655,74.61,93,100,8.61,ID,1611777981
rigaud,45.4793,-74.3024,28.99,78,94,1.99,CA,1611777981
villazon,-22.0866,-65.5942,63.46,31,84,12.08,BO,1611777981
nelson bay,-32.7167,152.15,71.01,100,90,19.57,AU,1611777836
carupano,10.6678,-63.2585,80.35,68,91,13.78,VE,1611777982
chokurdakh,70.6333,147.9167,-16.33,88,100,14.32,RU,1611777982
krasnoselkup,65.7,82.4667,-38.15,82,29,4.47,RU,1611777982
tasiilaq,65.6145,-37.6368,21.2,49,90,27.63,GL,1611777982
pacific grove,36.6177,-121.9166,53.01,87,90,4.61,US,1611777983
east london,-33.0153,27.9116,69.93,80,96,14.56,ZA,1611777983
yerbogachen,61.2767,108.0108,-39.84,80,49,5.3,RU,1611777983
ercis,39.0287,43.3586,24.8,86,75,3.51,TR,1611777984
harper,4.375,-7.7169,78.85,83,3,6.35,LR,1611777787
marienburg,54.0359,19.0266,32.0,100,81,6.51,PL,1611777984
san-pedro,4.7485,-6.6363,78.06,88,4,7.78,CI,1611777984
sitka,57.0531,-135.33,28.4,40,1,3.44,US,1611777985
los llanos de aridane,28.6585,-17.9182,66.2,77,75,8.05,ES,1611777985
santa maria,-29.6842,-53.8069,72.0,91,100,3.65,BR,1611777913
sao felix do xingu,-6.6447,-51.995,81.36,85,76,3.98,BR,1611777985
san patricio,28.017,-97.5169,71.6,23,75,17.27,US,1611777985
koumac,-20.5667,164.2833,78.19,78,82,7.99,NC,1611777986
prieska,-29.6641,22.7474,75.16,46,20,27.18,ZA,1611777986
bhatkal,13.9667,74.5667,74.75,72,0,4.21,IN,1611777986
hargeysa,9.56,44.065,58.59,91,20,8.3,SO,1611777912
ahipara,-35.1667,173.1667,67.5,82,64,5.1,NZ,1611777987
dhidhdhoo,6.8833,73.1,80.89,69,35,11.7,MV,1611777987
saurimo,-9.6608,20.3916,66.67,91,100,2.89,AO,1611777987
atar,20.5169,-13.0499,74.93,16,0,10.56,MR,1611777688
rolla,37.9514,-91.7713,30.2,80,90,9.22,US,1611777987
edd,13.9297,41.6925,77.38,43,0,22.66,ER,1611777988
mildura,-34.2,142.15,71.6,43,90,5.75,AU,1611777988
egvekinot,66.3167,-179.1667,-14.55,87,100,21.83,RU,1611777915
port elizabeth,-33.918,25.5701,66.2,88,75,8.05,ZA,1611777901
tocopilla,-22.092,-70.1979,73.96,53,31,5.53,CL,1611777991
souillac,-20.5167,57.5167,75.2,83,20,4.61,MU,1611777991
lompoc,34.6391,-120.4579,51.8,87,90,16.11,US,1611777869
ixtapa,20.7,-105.2,85.21,34,17,6.91,MX,1611777992
hobbs,32.7026,-103.136,52.0,11,1,5.75,US,1611777992
sobolevo,54.4299,31.8996,27.32,98,100,4.83,RU,1611777992
ossora,59.2353,163.0719,-0.45,84,100,10.98,RU,1611777992
san carlos,9.6612,-68.5827,92.93,31,100,3.83,VE,1611777992
vanimo,-2.6741,141.3028,76.86,85,100,5.88,PG,1611777993
tateyama,34.9833,139.8667,44.01,54,100,4.0,JP,1611777993
avarua,-21.2078,-159.775,86.0,70,20,18.41,CK,1611777993
tayginka,55.6244,60.5076,20.57,95,99,4.88,RU,1611777993
thunder bay,48.4001,-89.3168,5.0,60,20,9.22,CA,1611777994
vredendal,-31.6683,18.5012,65.89,54,0,17.36,ZA,1611777994
mackay,-21.15,149.2,77.0,83,40,10.36,AU,1611777840
cherskiy,68.75,161.3,-22.76,85,100,3.4,RU,1611777994
cidreira,-30.1811,-50.2056,76.24,86,100,8.9,BR,1611777994
kashi,39.4547,75.9797,24.8,58,0,8.95,CN,1611777995
mokhsogollokh,61.4681,128.9203,-42.43,80,100,3.51,RU,1611777995
svetlogorsk,52.6333,29.7333,28.71,98,100,3.87,BY,1611777995
tynda,55.1667,124.7167,-36.49,77,98,4.09,RU,1611777995
kribi,2.95,9.9167,80.71,84,100,7.65,CM,1611777995
constitucion,-35.3333,-72.4167,66.36,50,84,21.85,CL,1611777996
vardo,70.3705,31.1107,26.6,74,75,24.16,NO,1611777996
xam nua,20.4197,104.0439,56.23,94,32,2.64,LA,1611777996
geraldton,-28.7667,114.6,64.4,72,0,9.22,AU,1611777996
port alfred,-33.5906,26.891,64.99,94,16,1.99,ZA,1611777996
zunyi,27.6867,106.9072,37.35,86,1,2.19,CN,1611777997
peace river,56.2501,-117.286,-2.2,71,90,14.97,CA,1611777997
kirensk,57.7853,108.1119,-34.37,81,100,2.35,RU,1611777997
saldanha,-33.0117,17.9442,64.4,68,0,21.85,ZA,1611777997
antalaha,-14.9003,50.2788,76.96,79,1,1.23,MG,1611777997
nuevitas,21.5453,-77.2644,86.0,45,40,6.91,CU,1611777998
dikson,73.5069,80.5464,-21.33,86,100,9.57,RU,1611777998
kavieng,-2.5744,150.7967,82.72,78,93,11.59,PG,1611777998
roros,62.5747,11.3842,-11.2,77,75,1.14,NO,1611777998
sumbawanga,-7.9667,31.6167,58.26,86,12,1.01,TZ,1611777998
chernyshevskiy,63.0128,112.4714,-46.44,81,44,0.89,RU,1611777999
vanavara,60.34,102.2797,-19.37,84,100,11.61,RU,1611777999
kirakira,-10.4544,161.9205,81.25,81,94,9.44,SB,1611777999
the valley,18.217,-63.0578,82.4,65,40,14.97,AI,1611778000
cuiluan,47.72,128.648,-10.12,89,98,1.54,CN,1611778000
yeppoon,-23.1333,150.7333,75.2,83,40,5.75,AU,1611778000
soyo,-6.1349,12.3689,79.27,82,100,3.27,AO,1611778000
buin,-33.7333,-70.75,90.0,28,0,8.05,CL,1611778000
touros,-5.1989,-35.4608,82.4,69,20,13.8,BR,1611778001
roebourne,-20.7833,117.1333,84.42,46,0,10.85,AU,1611778001
progreso,21.2833,-89.6667,91.99,46,75,13.8,MX,1611778001
talara,-4.5772,-81.2719,86.0,54,20,17.27,PE,1611778001
tura,25.5198,90.2201,56.89,65,0,2.77,IN,1611778001
cardston,49.2,-113.3019,19.4,85,100,5.75,CA,1611778002
saint anthony,45.0205,-93.218,16.0,52,90,5.75,US,1611777917
sola,-13.8833,167.55,82.15,82,100,19.66,VU,1611778002
gomel,52.4345,30.9754,30.2,80,90,2.24,BY,1611778002
augusto correa,-1.0217,-46.635,83.79,67,98,5.68,BR,1611778003
banda aceh,5.5577,95.3222,77.54,81,82,2.35,ID,1611778003
sinop,41.7711,34.8709,43.43,73,7,13.29,TR,1611777872
garden city,42.3256,-83.331,28.4,46,40,6.91,US,1611778003
fukuma,33.7667,130.4667,39.2,87,94,2.3,JP,1611778003
saskylakh,71.9167,114.0833,-43.82,79,75,1.68,RU,1611778004
iracoubo,5.4802,-53.2011,79.43,74,3,11.81,GF,1611778004
yellowknife,62.456,-114.3525,-9.99,77,90,3.44,CA,1611778004
greenwich,41.0265,-73.6285,37.0,75,75,11.5,US,1611777945
haapiti,-17.5667,-149.8667,82.4,69,75,1.14,PF,1611778005
bowen,-20.0167,148.2333,73.4,94,7,8.05,AU,1611778005
kavaratti,10.5669,72.642,80.58,68,41,9.13,IN,1611778005
panacan,9.2463,118.4082,78.35,78,100,8.28,PH,1611778005
hami,42.8,93.45,18.46,83,95,0.72,CN,1611778005
cabo san lucas,22.8909,-109.9124,77.0,50,100,3.0,MX,1611777853
airai,-8.9266,125.4092,61.75,100,100,3.56,TL,1611778006
grindavik,63.8424,-22.4338,32.0,55,0,23.02,IS,1611778006
yar-sale,66.8333,70.8333,-39.3,79,84,4.41,RU,1611778006
alofi,-19.0595,-169.9187,78.8,89,75,9.22,NU,1611778006
coari,-4.085,-63.1414,82.13,86,56,4.59,BR,1611778007
waingapu,-9.6567,120.2641,77.76,82,100,9.35,ID,1611778007
taoudenni,22.6783,-3.9836,72.59,22,0,12.3,ML,1611778007
shahrud,36.4182,54.9763,34.99,71,0,4.09,IR,1611778007
shalinskoye,55.7228,93.7594,13.53,93,100,14.56,RU,1611778007
denpasar,-8.65,115.2167,80.6,78,40,12.66,ID,1611777964
nuuk,64.1835,-51.7216,23.0,50,1,14.97,GL,1611778008
bluefield,37.2698,-81.2223,48.0,57,75,4.81,US,1611777712
ilulissat,69.2167,-51.1,8.6,56,20,3.44,GL,1611778008
port blair,11.6667,92.75,78.8,81,75,10.6,IN,1611778009
gainesville,29.6516,-82.3248,75.99,88,90,11.12,US,1611778009
asosa,10.0667,34.5333,70.61,37,0,3.47,ET,1611778010
kuching,1.55,110.3333,75.2,94,40,3.44,MY,1611778010
iqaluit,63.7506,-68.5145,0.0,71,1,13.8,CA,1611777875
sorumsand,59.9851,11.2398,21.99,92,75,2.3,NO,1611778010
takaka,-40.85,172.8,64.0,93,30,13.0,NZ,1611777794
igrim,63.1906,64.4162,-7.87,91,100,7.67,RU,1611778011
ruidoso,33.3317,-105.673,37.4,25,1,5.75,US,1611777775
jining,35.405,116.5814,34.36,60,0,16.84,CN,1611778011
san policarpo,12.1791,125.5072,79.05,84,100,12.55,PH,1611778011
dunedin,-45.8742,170.5036,54.0,63,0,25.01,NZ,1611778011
san carlos de bariloche,-41.1456,-71.3082,57.2,51,40,28.77,AR,1611777759
tulun,54.5611,100.5792,-7.46,90,100,8.66,RU,1611778012
north bend,43.4065,-124.2243,42.8,87,90,10.2,US,1611778012
marawi,7.9986,124.2928,71.01,91,100,5.01,PH,1611778012
santa maria da boa vista,-8.8078,-39.8256,91.15,34,53,13.29,BR,1611778012
lipin bor,60.2622,37.9763,23.94,98,76,8.19,RU,1611778013
buraydah,26.326,43.975,64.4,48,0,9.22,SA,1611777979
coolum beach,-26.5333,153.1,75.99,93,16,1.99,AU,1611778013
aloleng,16.1307,119.7824,77.31,81,12,7.45,PH,1611778013
beaufort,5.3473,115.7455,80.6,83,20,5.75,MY,1611778015
calvinia,-31.4707,19.776,68.81,40,0,8.16,ZA,1611778015
namibe,-15.1961,12.1522,75.4,77,80,10.71,AO,1611778015
boyolangu,-8.1181,111.8935,74.5,87,100,1.61,ID,1611778015
brae,60.3964,-1.353,32.0,93,20,8.05,GB,1611778015
wajir,1.7471,40.0573,85.44,30,48,6.29,KE,1611778016
narsaq,60.9167,-46.05,37.4,32,75,32.21,GL,1611778016
dargaville,-35.9333,173.8833,66.99,78,83,5.46,NZ,1611778016
hobyo,5.3505,48.5268,76.17,77,2,18.81,SO,1611778016
beverley,53.8459,-0.4233,43.0,100,75,3.44,GB,1611778016
saint-pierre,-21.3393,55.4781,78.8,69,0,4.61,RE,1611778017
nakamura,32.9833,132.9333,42.6,78,0,2.95,JP,1611778017
pevek,69.7008,170.3133,-24.36,87,100,3.74,RU,1611778017
asau,46.4333,26.4,33.01,42,100,4.74,RO,1611778017
panguna,-6.3164,155.4848,70.27,99,97,1.34,PG,1611778017
hasaki,35.7333,140.8333,37.4,75,75,6.91,JP,1611778018
gua musang,4.8823,101.9644,70.84,93,100,1.63,MY,1611777901
sisimiut,66.9395,-53.6735,7.47,78,0,9.98,GL,1611778018
verkhoyansk,67.5447,133.385,-48.77,73,75,0.54,RU,1611778018
nome,64.5011,-165.4064,8.6,72,1,6.91,US,1611778018
phonhong,18.5007,102.4166,67.06,66,22,2.1,LA,1611778019
dangriga,16.9692,-88.2321,86.0,70,20,10.36,BZ,1611778019
finschhafen,-6.6024,147.8681,80.85,79,100,9.31,PG,1611778019
constantine,36.365,6.6147,51.8,93,90,4.61,DZ,1611778019
kikwit,-5.041,18.8162,70.09,98,100,2.08,CD,1611778019
jiuquan,39.7432,98.5174,18.81,73,0,1.95,CN,1611778020
bandar,2.05,99.75,71.6,93,100,1.95,ID,1611778020
arlit,18.7369,7.3853,68.22,20,0,6.87,NE,1611777948
embonas,36.2269,27.8564,51.01,66,75,23.02,GR,1611778020
nagato,34.3833,131.2,44.6,76,40,3.44,JP,1611778020
salina,38.8403,-97.6114,24.01,74,75,9.22,US,1611777774
celestun,20.8667,-90.4,83.82,62,0,11.18,MX,1611778021
klaksvik,62.2266,-6.589,30.2,80,77,6.91,FO,1611778021
nayoro,44.3506,142.4578,15.89,94,100,10.71,JP,1611778021
sidi ali,36.0998,0.4206,55.54,99,2,4.43,DZ,1611778021
hay river,60.8156,-115.7999,-11.2,70,100,9.22,CA,1611778022
meulaboh,4.1363,96.1285,76.17,86,100,5.73,ID,1611778022
grande prairie,55.1667,-118.8027,-0.4,71,90,8.05,CA,1611777752
rabaul,-4.1967,152.1721,81.03,80,99,4.05,PG,1611778022
codrington,-38.2667,141.9667,57.4,89,86,10.04,AU,1611778022
deputatskiy,69.3,139.9,-22.97,89,100,2.24,RU,1611778023
hakui,36.8833,136.7833,39.99,79,100,12.3,JP,1611778023
naushki,50.3828,106.1056,-21.68,82,8,3.65,RU,1611778023
wanning,18.8003,110.3967,67.01,85,44,6.71,CN,1611778023
batagay-alyta,67.8006,130.4114,-40.81,79,2,1.61,RU,1611778023
port hardy,50.6996,-127.4199,37.4,87,90,11.5,CA,1611778024
flin flon,54.7682,-101.865,-9.4,77,20,2.3,CA,1611778024
ancud,-41.8697,-73.8203,66.99,63,20,13.8,CL,1611778024
mareeba,-17.0,145.4333,78.8,83,86,3.44,AU,1611778024
kindu,-2.95,25.95,73.65,85,63,1.45,CD,1611778024
kuliyapitiya,7.4688,80.0401,75.2,78,73,9.22,LK,1611778025
aksha,50.2814,113.2867,-16.91,80,0,5.53,RU,1611778025
bako,5.7833,36.5667,70.16,32,4,2.84,ET,1611778026
gizo,-8.103,156.8419,83.75,77,79,10.2,SB,1611778026
homer,59.6425,-151.5483,26.01,68,75,4.61,US,1611778026
honiara,-9.4333,159.95,79.63,81,100,8.03,SB,1611778026
margate,51.3813,1.3862,48.0,85,100,1.01,GB,1611778026
vila,42.0304,-8.1588,52.0,96,100,5.17,PT,1611778027
kozlovo,56.5167,36.2667,27.28,98,96,6.11,RU,1611778027
bocaiuva,-17.1078,-43.815,81.91,51,0,4.52,BR,1611778027
tiarei,-17.5333,-149.3333,82.4,69,75,1.14,PF,1611778027
ovada,44.6384,8.6453,36.0,71,23,1.77,IT,1611778027
poum,-20.2333,164.0167,79.61,77,8,14.27,NC,1611778028
coquimbo,-29.9533,-71.3436,66.2,68,20,16.11,CL,1611778028
vestmannaeyjar,63.4427,-20.2734,35.64,83,100,32.17,IS,1611778028
hovd,48.0056,91.6419,1.9,81,16,1.03,MN,1611778028
bathsheba,13.2167,-59.5167,82.4,61,40,18.41,BB,1611778029
nouadhibou,20.931,-17.0347,69.8,73,0,12.66,MR,1611778029
aswan,24.0934,32.907,62.13,27,0,10.45,EG,1611778029
tokur,53.1333,132.9,-22.18,89,100,1.32,RU,1611778029
cockburn town,21.4612,-71.1419,80.6,57,40,11.5,TC,1611777909
la union,-5.4,-80.75,89.51,39,13,13.71,PE,1611778030
kragero,58.8693,9.4149,21.99,82,0,5.01,NO,1611778030
ugoofaaru,5.6667,73.0,80.67,68,33,11.14,MV,1611778030
gao,16.6362,1.637,72.52,15,0,11.56,ML,1611778030
fort nelson,58.8053,-122.7002,-7.6,64,20,9.22,CA,1611778030
ketchikan,55.3422,-131.6461,32.0,69,20,8.05,US,1611778031
dibulla,11.2725,-73.3091,85.91,56,100,12.59,CO,1611778031
biak,-0.9131,122.8766,77.5,73,100,4.14,ID,1611778031
rocha,-34.4833,-54.3333,77.45,59,0,13.82,UY,1611778031
half moon bay,37.4636,-122.4286,54.0,87,1,11.5,US,1611778031
pinheiro machado,-31.5783,-53.3811,69.01,97,89,5.99,BR,1611778032
salto,-31.3833,-57.9667,90.0,62,75,5.75,UY,1611778032
iquique,-20.2208,-70.1431,73.4,64,0,16.11,CL,1611778032
marzuq,14.4,46.4667,58.96,60,0,2.13,YE,1611778032
ambanja,-13.6833,48.45,75.42,88,53,3.13,MG,1611778033
sesheke,-17.4759,24.2968,68.52,92,100,4.92,ZM,1611778033
mogadishu,2.0371,45.3438,77.27,82,0,22.26,SO,1611777912
qasigiannguit,68.8193,-51.1922,8.6,56,20,3.44,GL,1611777970
coripata,-16.3,-67.6,62.6,25,40,10.36,BO,1611778033
kodinsk,58.6881,99.1844,-9.06,88,100,8.14,RU,1611778034
camacha,33.0833,-16.3333,60.8,100,75,11.5,PT,1611778034
sabang,5.8933,95.3214,81.25,73,89,5.46,ID,1611778034
yokadouma,3.5167,15.05,75.78,59,80,2.95,CM,1611778034
killybegs,54.6333,-8.45,48.99,93,90,14.97,IE,1611778034
laguna,38.421,-121.4238,51.01,76,90,16.11,US,1611777925
nyurba,63.2842,118.3319,-45.81,78,89,2.53,RU,1611778035
helsinge,56.0228,12.1975,34.0,45,100,7.0,DK,1611778035
christchurch,-43.5333,172.6333,63.0,88,90,9.22,NZ,1611777900
quedlinburg,51.7833,11.15,37.0,85,92,5.01,DE,1611778035
isangel,-19.55,169.2667,80.6,81,100,17.4,VU,1611778036
mananjary,-21.2167,48.3333,77.83,86,1,2.59,MG,1611778036
plettenberg bay,-34.0527,23.3716,64.44,82,94,5.26,ZA,1611778036
laredo,27.5064,-99.5075,69.8,18,1,17.27,US,1611778008
bogo,11.0517,124.0055,77.31,86,100,9.04,PH,1611778036
ahuimanu,21.4447,-157.8378,78.8,65,90,11.5,US,1611778037
shelburne,44.0787,-80.2041,23.0,86,90,8.05,CA,1611778037
bac lieu,9.285,105.7244,75.76,85,64,14.81,VN,1611778037
torbay,47.6666,-52.7314,30.0,86,75,11.5,CA,1611777916
atyrau,47.1167,51.8833,23.0,74,0,20.13,KZ,1611778038
ayan,56.45,138.1667,-7.44,89,100,11.25,RU,1611778038
solenzo,12.1833,-4.0833,78.69,15,0,9.33,BF,1611778038
mount gambier,-37.8333,140.7667,59.0,88,12,10.36,AU,1611778039
megion,61.0296,76.1136,-27.4,75,0,2.24,RU,1611778039
dharchula,29.85,80.5333,45.46,35,0,7.38,IN,1611778039
quixada,-4.9714,-39.0153,91.94,37,85,1.95,BR,1611778039
udachnyy,66.4167,112.4,-40.41,79,8,1.1,RU,1611778039
castlegar,49.2998,-117.6689,32.0,80,100,9.22,CA,1611777831
barabai,-2.5833,115.3833,72.48,92,100,1.32,ID,1611778040
baherden,38.4362,57.4316,41.05,61,0,8.32,TM,1611778040
neiafu,-18.65,-173.9833,75.2,94,90,10.36,TO,1611778041
alexandria,31.2156,29.9553,59.0,58,40,13.8,EG,1611777998
ostrovnoy,68.0531,39.5131,10.18,94,100,20.65,RU,1611778041
izumo,35.3667,132.7667,46.4,66,75,11.5,JP,1611778041
baillif,16.0202,-61.7463,75.2,88,75,9.22,GP,1611778041
lebyazhye,55.2689,66.4947,17.71,97,66,9.57,RU,1611778042
port moresby,-9.4431,147.1797,77.0,94,40,11.5,PG,1611778042
masty,53.4122,24.5387,28.9,98,98,8.95,BY,1611777790
bonavista,48.6499,-53.1147,28.99,86,91,2.3,CA,1611778042
okhotsk,59.3833,143.3,-13.77,79,53,10.63,RU,1611778042
praia da vitoria,38.7333,-27.0667,59.0,100,75,27.16,PT,1611778043
morondava,-20.2833,44.2833,82.85,77,52,6.46,MG,1611778043
wattegama,6.7989,81.4808,69.87,84,73,6.58,LK,1611778043
pedasi,7.5333,-80.0333,82.63,71,21,10.76,PA,1611778043
namatanai,-3.6667,152.4333,80.74,80,86,8.52,PG,1611778043
beaverlodge,55.2166,-119.4361,-0.4,71,90,8.05,CA,1611778044
te anau,-45.4167,167.7167,48.61,73,70,5.7,NZ,1611778044
peniche,39.3558,-9.3811,57.99,95,100,8.99,PT,1611778044
revadanda,18.5503,72.9278,69.8,78,0,5.46,IN,1611778044
iseyin,7.9667,3.6,83.26,29,12,4.81,NG,1611778044
belaya gora,68.5333,146.4167,-23.85,87,100,1.97,RU,1611778045
lamesa,32.7376,-101.951,48.99,30,14,5.99,US,1611778045
antofagasta,-23.65,-70.4,73.99,73,40,18.41,CL,1611778045
dunmore town,25.5,-76.65,75.34,79,0,9.86,BS,1611778046
ngunguru,-35.6167,174.5,69.01,83,67,5.01,NZ,1611778046
juneau,58.3019,-134.4197,21.2,35,20,16.11,US,1611777922
umm lajj,25.0213,37.2685,72.5,77,0,6.17,SA,1611778046
shimoda,34.6667,138.95,41.0,72,93,3.0,JP,1611778047
huicheng,23.0385,116.2899,55.4,88,29,2.24,CN,1611778047
la ronge,55.1001,-105.2842,-2.2,65,48,8.05,CA,1611778047
chaoyang,41.5703,120.4586,13.01,77,100,11.48,CN,1611778047
ludvika,60.1496,15.1878,16.0,86,90,4.61,SE,1611778048
bethanien,-26.502,17.1583,73.8,34,0,18.59,NA,1611778048
makokou,0.5738,12.8642,72.99,91,99,2.77,GA,1611778048
bahia honda,22.9036,-83.1592,81.59,61,0,4.41,CU,1611778048
barcelona,41.3888,2.159,55.0,71,20,3.44,ES,1611778049
kjopsvik,68.097,16.3742,24.8,54,75,18.41,NO,1611778049
hailar,49.2,119.7,-19.41,87,100,5.46,CN,1611778049
beringovskiy,63.05,179.3167,16.5,96,100,28.34,RU,1611778049
sorong,-0.8833,131.25,80.73,82,100,11.79,ID,1611777911
komsomolskiy,40.4272,71.7189,30.2,64,0,4.61,UZ,1611778050
kamalpur,24.2,91.8333,54.97,63,0,2.04,IN,1611778050
jonkoping,57.7814,14.1562,28.4,100,75,3.44,SE,1611778050
kamsack,51.5667,-101.9009,-7.6,77,40,10.36,CA,1611778050
georgetown,5.4112,100.3354,79.0,94,40,2.3,MY,1611777812
wuxue,29.8506,115.5525,42.76,92,13,6.17,CN,1611778051
abu zabad,12.35,29.25,74.08,20,33,10.31,SD,1611778051
camacupa,-12.0167,17.4833,64.54,90,100,7.7,AO,1611778051
havoysund,70.9963,24.6622,24.8,68,75,21.85,NO,1611778051
srednekolymsk,67.45,153.6833,-25.33,86,100,11.68,RU,1611778051
adamas,36.7333,24.4333,46.4,49,94,21.85,GR,1611778052
port hedland,-20.3167,118.5667,80.6,78,0,8.05,AU,1611778052
cap malheureux,-19.9842,57.6142,78.01,81,0,6.62,MU,1611778052
anchorage,61.2181,-149.9003,12.0,72,1,2.59,US,1611777777
khor,47.8861,134.9464,-14.37,87,0,6.46,RU,1611778052
xai-xai,-25.0519,33.6442,79.88,83,89,10.78,MZ,1611778053
emerald,-23.5333,148.1667,75.2,73,7,6.91,AU,1611778053
murgab,37.4966,61.9714,37.4,60,0,6.91,TM,1611778053
telenesti,47.4997,28.3656,32.0,74,90,13.8,MD,1611778053
leh,34.1667,77.5833,1.18,56,1,1.39,IN,1611778054
otane,-39.8833,176.6333,63.0,80,18,10.0,NZ,1611778054
pangnirtung,66.1451,-65.7125,-4.0,77,1,2.55,CA,1611778054
peruibe,-24.32,-46.9983,91.09,55,100,4.38,BR,1611778054
salalah,17.0151,54.0924,71.6,73,0,3.44,OM,1611777808
maragogi,-9.0122,-35.2225,79.23,79,2,10.47,BR,1611778055
mount isa,-20.7333,139.5,80.6,69,75,3.44,AU,1611778055
shestakovo,56.4915,103.96,-14.85,82,100,5.06,RU,1611778055
sam roi yot,12.2708,99.872,73.78,81,18,3.83,TH,1611778055
salmon arm,50.6998,-119.3024,33.01,93,100,1.14,CA,1611778056
severnoye,56.3491,78.3619,3.7,93,92,3.42,RU,1611778056
duku,11.2361,4.9073,81.12,15,0,6.85,NG,1611778056
berlevag,70.8578,29.0864,24.8,74,75,25.32,NO,1611778056
alice springs,-23.7,133.8833,75.2,73,26,6.91,AU,1611778057
palmer,42.1584,-72.3287,34.0,86,100,1.01,US,1611778057
yulara,-25.2406,130.9889,75.2,73,100,9.22,AU,1611778057
fonte boa,-2.4959,-66.2662,88.3,57,96,3.42,BR,1611778057
wildwood,38.5828,-90.6629,30.99,86,90,10.36,US,1611778057
calabozo,8.9242,-67.4293,93.36,30,97,9.22,VE,1611777856
sharan,54.8167,54.0,22.5,95,100,15.21,RU,1611778058
port shepstone,-30.7414,30.455,71.4,93,100,25.81,ZA,1611778058
tecoanapa,16.5167,-98.75,84.15,53,12,10.69,MX,1611778058
konstantinovka,49.6167,127.9833,-22.49,84,1,3.42,RU,1611778058
borovoy,55.4333,86.0833,19.4,86,90,8.95,RU,1611778058
san pedro,14.35,121.0167,77.0,94,20,1.14,PH,1611778059
castelo do piaui,-5.3222,-41.5525,87.26,54,100,3.96,BR,1611778059
kushima,31.4583,131.2333,44.01,93,0,4.0,JP,1611778059
pokrovsk,48.282,37.1758,38.68,79,100,17.65,UA,1611778059
broken hill,-31.95,141.4333,69.8,49,96,6.91,AU,1611778060
la grande,45.3246,-118.0877,39.0,67,27,5.01,US,1611778060
kulhudhuffushi,6.6221,73.07,80.67,70,34,11.74,MV,1611778060
kenai,60.5544,-151.2583,10.0,85,1,3.44,US,1611778060
steinbach,50.1667,8.5667,37.99,93,75,6.91,DE,1611778060
ust-maya,60.4167,134.5333,-44.41,77,100,1.79,RU,1611778061
maniitsoq,65.4167,-52.9,19.54,75,0,6.24,GL,1611778061
karratha,-20.7377,116.8463,84.36,42,0,11.01,AU,1611778061
mali,12.079,-12.2982,65.73,23,0,2.64,GN,1611778061
golyshmanovo,56.3979,68.3728,22.87,98,97,8.21,RU,1611778061
adre,13.4667,22.2,73.02,20,88,10.96,TD,1611778062
rovenki,48.0833,39.3776,34.2,95,100,16.89,UA,1611778062
kimbe,-5.5502,150.1429,77.41,87,100,2.71,PG,1611778062
medicine hat,50.0501,-110.6683,21.0,79,90,2.3,CA,1611777782
sorland,67.667,12.6934,33.8,75,40,16.11,NO,1611778062
taungdwingyi,20.0167,95.55,64.99,52,0,1.74,MM,1611778063
hofn,64.2539,-15.2082,26.6,59,0,12.66,IS,1611778063
palauig,15.435,119.9045,77.54,77,3,5.32,PH,1611778063
kisesa,-3.0833,34.15,67.08,70,26,0.27,TZ,1611778063
banjarmasin,-3.3244,114.591,77.0,94,75,2.24,ID,1611778064
inhambane,-23.865,35.3833,82.4,83,20,5.75,MZ,1611778064
araripina,-7.5761,-40.4983,86.5,37,100,7.67,BR,1611778064
rosetown,51.5501,-108.0014,1.99,73,73,5.99,CA,1611778064
waipawa,-41.4122,175.5153,66.2,82,90,18.41,NZ,1611778065
zaraza,9.3503,-65.3245,91.17,37,100,7.54,VE,1611778065
kaeo,-35.1,173.7833,69.01,83,13,5.01,NZ,1611778065
calawag,10.6697,119.5707,76.69,84,100,5.75,PH,1611778065
fort smith,35.3859,-94.3986,37.99,65,90,12.66,US,1611778066
shu,43.5983,73.7614,11.43,92,0,0.92,KZ,1611778066
beya,53.0533,90.9139,24.19,92,100,22.66,RU,1611778066
beloha,-25.1667,45.05,77.56,79,0,12.86,MG,1611778030
dubbo,-32.25,148.6167,68.0,77,19,14.97,AU,1611778066
broome,42.2506,-75.833,28.0,80,90,9.22,US,1611778067
spruce grove,53.5334,-113.9187,7.0,92,90,8.05,CA,1611777812
basco,20.4487,121.9702,73.15,77,3,17.96,PH,1611778067
bata,1.8639,9.7658,82.4,83,20,4.61,GQ,1611778067
jiwani,25.05,61.7417,66.15,67,0,6.98,PK,1611778068
ust-nera,64.5667,143.2,-25.19,76,100,2.39,RU,1611778068
jiutai,44.1525,125.8328,6.8,78,40,4.47,CN,1611778068
sajanan,37.0573,9.2426,59.0,94,40,16.11,TN,1611778068
maria chiquita,9.4431,-79.7558,81.0,79,28,10.0,PA,1611778068
caravelas,-17.7125,-39.2481,80.42,68,100,6.93,BR,1611778069
axim,4.8699,-2.2405,79.45,84,61,9.66,GH,1611778069
abilene,32.4487,-99.7331,46.99,53,1,12.66,US,1611777964
fairbanks,64.8378,-147.7164,-2.99,69,75,1.77,US,1611777797
shyroke,47.6917,33.2571,35.6,93,90,8.95,UA,1611778069
alta floresta,-9.8756,-56.0861,82.62,73,78,2.8,BR,1611778070
padang,-0.9492,100.3543,73.4,94,75,1.14,ID,1611778070
damghan,36.1683,54.348,36.23,69,0,2.66,IR,1611778070
akureyri,65.6835,-18.0878,19.4,86,75,3.6,IS,1611778070
caraballeda,10.6112,-66.8522,86.0,74,40,15.05,VE,1611778070
hervey bay,-25.2986,152.8535,73.0,89,6,1.01,AU,1611778071
fare,-16.7,-151.0167,81.23,73,43,15.57,PF,1611778071
westport,41.1415,-73.3579,36.0,69,90,10.36,US,1611778071
ivanava,52.1451,25.5365,26.28,99,99,7.16,BY,1611778071
sembe,1.6481,14.5806,73.13,91,92,1.68,CG,1611778072
sanmartin,46.2667,25.9333,33.01,42,100,5.57,RO,1611778072
kharhial,20.2833,82.7667,66.0,53,8,1.45,IN,1611778072
xining,36.6167,101.7667,10.81,71,0,3.33,CN,1611778072
la reforma,25.0833,-108.05,84.99,43,100,8.99,MX,1611778072
mascota,20.5167,-104.7833,87.58,17,9,3.36,MX,1611778073
husavik,66.0449,-17.3389,19.4,86,75,7.14,IS,1611778073
turka,49.1541,23.0297,28.0,85,97,3.06,UA,1611778073
buckeye,33.3703,-112.5838,57.0,38,1,14.97,US,1611778073
almaznyy,48.0448,40.045,37.4,93,75,20.13,RU,1611778073
avera,33.194,-82.5271,60.8,100,90,13.8,US,1611778074
lenine,45.2986,35.7771,50.94,65,99,15.21,UA,1611778074
mamakan,57.8161,114.0028,-38.79,75,63,0.83,RU,1611778074
fortuna,40.5982,-124.1573,48.0,87,90,21.85,US,1611778075
hokitika,-42.7167,170.9667,58.55,77,10,11.83,NZ,1611778075
maturin,9.75,-63.1767,84.45,55,89,10.42,VE,1611778075
yichang,30.7144,111.2847,37.99,73,69,2.91,CN,1611778075
chegutu,-18.1302,30.1407,66.6,94,96,2.8,ZW,1611778075
aykhal,66.0,111.5,-35.66,75,0,1.9,RU,1611778076
paamiut,61.994,-49.6678,26.74,85,100,6.22,GL,1611778076
araouane,18.9048,-3.5265,72.72,18,0,9.64,ML,1611778077
ipixuna,-1.7625,-48.8043,82.4,78,40,9.22,BR,1611778077
le port,-20.9373,55.2919,73.4,83,0,8.05,RE,1611778077
ushibuka,32.1906,130.0228,48.85,69,0,7.47,JP,1611778077
nassau,40.7507,-73.5829,37.99,65,90,14.97,US,1611778078
gravdal,68.1214,13.5031,26.6,74,20,8.05,NO,1611778078
cisarua,-6.6527,106.471,78.01,83,20,12.66,ID,1611778078
diamantino,-14.4086,-56.4461,83.53,75,80,5.21,BR,1611778078
wau,7.7029,27.9953,78.17,33,33,1.74,SS,1611778078
panarukan,-7.7018,113.9184,77.36,81,100,6.93,ID,1611778079
cairns,-16.9167,145.7667,78.8,83,89,3.44,AU,1611778079
shar,49.5886,81.0453,10.33,93,100,12.3,KZ,1611778079
ampanihy,-24.7,44.75,76.53,80,17,6.8,MG,1611778079
ratnagiri,16.9833,73.3,72.54,66,0,6.15,IN,1611778079
bela pod bezdezem,50.5012,14.8042,32.0,94,12,4.21,CZ,1611777969
cangucu,-31.395,-52.6756,73.4,88,40,6.91,BR,1611778080
kieta,-6.2167,155.6333,80.49,81,95,7.67,PG,1611778080
lodwar,3.1191,35.5973,83.57,35,0,11.72,KE,1611778080
lugovoy,42.9472,72.7644,15.53,85,0,2.84,KZ,1611778080
katherine,-14.4667,132.2667,77.0,94,100,6.04,AU,1611778081
bella union,-30.2752,-57.6007,88.63,45,0,9.4,UY,1611778081
coihaique,-45.5752,-72.0662,57.2,54,75,11.5,CL,1611778081
plyussa,58.4308,29.3654,28.22,98,90,2.28,RU,1611778081
malakal,9.5334,31.6605,84.0,22,3,6.64,SS,1611778082
enshi,30.3,109.4833,39.96,83,6,0.43,CN,1611778082
vitorino freire,-4.0667,-45.1667,79.57,91,100,2.53,BR,1611778082
kuvshinovo,57.0295,34.1725,28.02,99,92,3.78,RU,1611778083
warrington,53.3925,-2.5802,46.4,93,75,9.22,GB,1611777798
altay,47.8667,88.1167,1.67,74,63,1.74,CN,1611778083
ussel,45.55,2.3167,41.0,96,100,5.99,FR,1611778083
sao joao da barra,-21.6403,-41.0511,86.0,54,0,20.71,BR,1611778083
hualmay,-11.0964,-77.6139,76.32,67,91,11.01,PE,1611778084
akyab,20.15,92.9,63.39,63,0,6.22,MM,1611778084
qaqortoq,60.7167,-46.0333,37.4,32,75,32.21,GL,1611778084
preobrazheniye,42.9019,133.9064,15.39,80,100,3.2,RU,1611778084
olafsvik,64.8945,-23.7142,30.69,88,100,17.07,IS,1611778084
diffa,13.3154,12.6113,73.29,17,0,9.89,NE,1611778085
kaabong,3.4836,34.1492,69.58,41,0,8.1,UG,1611778085
